policy,seed,success,steps,prediction_calls,prediction_seconds,corrected_steps,replans
ACT,2700000,False,800,16,0.5979283949127421,0,0
ACT_GRASP_ONLY,2700000,False,800,18,0.646184993092902,17,2
ACT_RGBD,2700000,True,146,4,0.1939699679496698,23,2
DP,2700000,False,800,100,46.76230685808696,0,0
DP_RGBD,2700000,True,433,56,24.553421513934154,138,2
ACT,2800000,False,800,16,0.625945272971876,0,0
ACT_GRASP_ONLY,2800000,True,232,6,0.25676779594505206,17,2
ACT_RGBD,2800000,True,225,6,0.2578840859932825,18,2
DP,2800000,False,800,100,49.42205018014647,0,0
DP_RGBD,2800000,False,800,101,43.815659374697134,8,1
ACT,2900000,False,800,16,0.6766575120273046,0,0
ACT_GRASP_ONLY,2900000,False,800,17,0.587114292953629,17,2
ACT_RGBD,2900000,True,369,9,0.3497335620922968,133,2
DP,2900000,False,800,100,44.7519502278883,0,0
DP_RGBD,2900000,True,425,54,23.087977484683506,19,2
ACT,3000000,False,800,16,0.565465601044707,0,0
ACT_GRASP_ONLY,3000000,True,243,6,0.25154203589772806,18,2
ACT_RGBD,3000000,True,236,6,0.2550974419573322,19,2
DP,3000000,False,800,100,44.90714485064382,0,0
DP_RGBD,3000000,False,800,101,43.005018059920985,8,1
ACT,3100000,False,800,16,0.5644082070793957,0,0
ACT_GRASP_ONLY,3100000,True,226,6,0.252867816016078,17,2
ACT_RGBD,3100000,True,219,6,0.25646390399197116,18,2
DP,3100000,False,800,100,44.949156851216685,0,0
DP_RGBD,3100000,False,800,100,43.02525423275074,185,0
ACT,3200000,False,800,16,0.577921487914864,0,0
ACT_GRASP_ONLY,3200000,False,800,18,0.6286615289282054,19,2
ACT_RGBD,3200000,True,187,5,0.22751387197058648,38,2
DP,3200000,False,800,100,44.8676555439597,0,0
DP_RGBD,3200000,True,143,20,8.68488514010096,22,2
ACT,3300000,False,800,16,0.567848937062081,0,0
ACT_GRASP_ONLY,3300000,True,228,6,0.2658442259998992,16,2
ACT_RGBD,3300000,True,222,6,0.25179244187893346,19,2
DP,3300000,False,800,100,45.01174896641169,0,0
DP_RGBD,3300000,False,800,100,42.704703178897034,315,0
ACT,3400000,False,800,16,0.5575381491216831,0,0
ACT_GRASP_ONLY,3400000,False,800,17,0.5921335560269654,18,2
ACT_RGBD,3400000,True,194,5,0.22838001302443445,42,2
DP,3400000,False,800,100,44.817484431143384,0,0
DP_RGBD,3400000,False,800,100,42.84518481395207,0,0
ACT,3500000,False,800,16,0.5781651409342885,0,0
ACT_GRASP_ONLY,3500000,True,221,6,0.25892200495582074,16,2
ACT_RGBD,3500000,True,213,6,0.25535356102045625,17,2
DP,3500000,False,800,100,44.863399788795505,0,0
DP_RGBD,3500000,False,800,101,43.75362737075193,8,1
ACT,3600000,False,800,16,0.5885713390889578,0,0
ACT_GRASP_ONLY,3600000,True,230,6,0.25703101395629346,16,2
ACT_RGBD,3600000,True,223,6,0.25270805309992284,17,2
DP,3600000,False,800,100,44.77291034976952,0,0
DP_RGBD,3600000,False,800,100,42.71333774208324,0,0
ACT,3700000,False,800,16,0.5735172210843302,0,0
ACT_GRASP_ONLY,3700000,True,230,6,0.25497481506317854,17,2
ACT_RGBD,3700000,True,222,6,0.25325338693801314,18,2
DP,3700000,False,800,100,45.73516359372297,0,0
DP_RGBD,3700000,False,800,101,43.15365149319405,9,1
ACT,3800000,False,800,16,0.571753905096557,0,0
ACT_GRASP_ONLY,3800000,True,229,6,0.25518544390797615,16,2
ACT_RGBD,3800000,True,245,6,0.25509442191105336,41,2
DP,3800000,False,800,100,43.00627910409821,0,0
DP_RGBD,3800000,False,800,101,43.47118089493597,8,1
ACT,3900000,False,800,16,0.5795801100321114,0,0
ACT_GRASP_ONLY,3900000,False,800,16,0.5709322341135703,0,0
ACT_RGBD,3900000,False,800,16,0.5600659299525432,0,0
DP,3900000,False,800,100,43.48867562023224,0,0
DP_RGBD,3900000,False,800,101,43.35831296193646,8,1
ACT,4000000,False,800,16,0.5748987291008234,0,0
ACT_GRASP_ONLY,4000000,True,223,6,0.26190287206554785,16,2
ACT_RGBD,4000000,True,216,6,0.25994008005363867,17,2
DP,4000000,False,800,100,43.1425262123812,0,0
DP_RGBD,4000000,False,800,100,42.692351569305174,0,0
ACT,4100000,False,800,16,0.5633817600901239,0,0
ACT_GRASP_ONLY,4100000,True,231,6,0.25618343899259344,16,2
ACT_RGBD,4100000,True,224,6,0.26091366703622043,17,2
DP,4100000,False,800,100,43.54792580404319,0,0
DP_RGBD,4100000,False,800,101,45.50473875791067,8,1
ACT,4200000,False,800,16,0.5749276938149706,0,0
ACT_GRASP_ONLY,4200000,False,800,18,0.6269131699809805,17,2
ACT_RGBD,4200000,True,171,5,0.22568745899479836,22,2
DP,4200000,False,800,100,43.28003129118588,0,0
DP_RGBD,4200000,False,800,101,42.93613485409878,283,1
ACT,4300000,True,315,7,0.28782449604477733,0,0
ACT_GRASP_ONLY,4300000,True,211,6,0.2514213540125638,16,2
ACT_RGBD,4300000,True,205,6,0.2657279050326906,18,2
DP,4300000,False,800,100,43.530786823364906,0,0
DP_RGBD,4300000,False,800,100,42.739965381566435,289,0
ACT,4400000,True,312,7,0.28656968916766346,0,0
ACT_GRASP_ONLY,4400000,True,220,6,0.2564133669366129,17,2
ACT_RGBD,4400000,True,213,6,0.2582861199043691,18,2
DP,4400000,False,800,100,43.1317453548545,0,0
DP_RGBD,4400000,False,800,101,43.4472203758196,9,1
ACT,4500000,False,800,16,0.5647009270614944,0,0
ACT_GRASP_ONLY,4500000,True,221,6,0.25259969191392884,15,2
ACT_RGBD,4500000,True,213,6,0.2528472509002313,16,2
DP,4500000,False,800,100,43.26267704303609,0,0
DP_RGBD,4500000,False,800,100,42.780288481211755,325,0
ACT,4600000,True,662,14,0.5122729881550185,0,0
ACT_GRASP_ONLY,4600000,True,229,6,0.25888129888335243,18,2
ACT_RGBD,4600000,True,221,6,0.2560866550193168,19,2
DP,4600000,False,800,100,43.168103712960146,0,0
DP_RGBD,4600000,False,800,100,42.75031207065331,358,0
